id,download_link
5483,https://papers.nips.cc/paper_files/paper/2022/file/731b952bdc833485eb72f458cdd5c489-Paper-Conference.pdf
10026,https://cdn.aaai.org/ojs/17611/17611-13-21105-1-2-20210518.pdf
1969,https://papers.nips.cc/paper_files/paper/2021/file/07b1c04a30f798b5506c1ec5acfb9031-Paper.pdf
4055,https://papers.nips.cc/paper_files/paper/2021/file/ed519c02f134f2cdd836cba387b6a3c8-Paper.pdf
5086,https://papers.nips.cc/paper_files/paper/2022/file/50eb39ab717507cccbe2b8590de32030-Paper-Conference.pdf
956,https://papers.nips.cc/paper_files/paper/2020/file/8396b14c5dff55d13eea57487bf8ed26-Paper.pdf
8886,https://cdn.aaai.org/ojs/16416/16416-13-19910-1-2-20210518.pdf
10675,https://cdn.aaai.org/ojs/20369/20369-13-24382-1-2-20220628.pdf
10522,https://cdn.aaai.org/ojs/20195/20195-13-24208-1-2-20220628.pdf
1672,https://papers.nips.cc/paper_files/paper/2020/file/e64f346817ce0c93d7166546ac8ce683-Paper.pdf
7127,https://cdn.aaai.org/ojs/5593/5593-13-8818-1-10-20200512.pdf
129,https://papers.nips.cc/paper_files/paper/2020/file/10eb6500bd1e4a3704818012a1593cc3-Paper.pdf
5445,https://papers.nips.cc/paper_files/paper/2022/file/70596d70542c51c8d9b4e423f4bf2736-Paper-Conference.pdf
477,https://papers.nips.cc/paper_files/paper/2020/file/3df80af53dce8435cf9ad6c3e7a403fd-Paper.pdf
2058,https://papers.nips.cc/paper_files/paper/2021/file/107030ca685076c0ed5e054e2c3ed940-Paper.pdf
2409,https://papers.nips.cc/paper_files/paper/2021/file/34f98c7c5d7063181da890ea8d25265a-Paper.pdf
4392,https://papers.nips.cc/paper_files/paper/2022/file/1022661f3f43406065641f16ce25eafa-Paper-Conference.pdf
6916,https://cdn.aaai.org/ojs/5346/5346-13-8571-1-10-20200508.pdf
4531,https://papers.nips.cc/paper_files/paper/2022/file/1cb5b3d64bdf3c6642c8d9a8fbecd019-Paper-Conference.pdf
540,https://papers.nips.cc/paper_files/paper/2020/file/47a658229eb2368a99f1d032c8848542-Paper.pdf
5922,https://papers.nips.cc/paper_files/paper/2022/file/9b9cfd5428153ccfbd4ba34b7e007305-Paper-Conference.pdf
8443,https://cdn.aaai.org/ojs/6759/6759-13-9988-1-10-20200522.pdf
2278,https://papers.nips.cc/paper_files/paper/2021/file/27d52bcb3580724eb4cbe9f2718a9365-Paper.pdf
679,https://papers.nips.cc/paper_files/paper/2020/file/5ca41a86596a5ed567d15af0be224952-Paper.pdf
5639,https://papers.nips.cc/paper_files/paper/2022/file/801ec05b0aae9fcd2ef35c168bd538e0-Paper-Conference.pdf
1808,https://papers.nips.cc/paper_files/paper/2020/file/f5e536083a438cec5b64a4954abc17f1-Paper.pdf
9778,https://cdn.aaai.org/ojs/17344/17344-13-20838-1-2-20210518.pdf
2613,https://papers.nips.cc/paper_files/paper/2021/file/4e0928de075538c593fbdabb0c5ef2c3-Paper.pdf
1190,https://papers.nips.cc/paper_files/paper/2020/file/a3a3e8b30dd6eadfc78c77bb2b8e6b60-Paper.pdf
8817,https://cdn.aaai.org/ojs/16465/16465-13-19959-1-2-20210518.pdf
1638,https://papers.nips.cc/paper_files/paper/2020/file/e2e5096d574976e8f115a8f1e0ffb52b-Paper.pdf
2715,https://papers.nips.cc/paper_files/paper/2021/file/58ae749f25eded36f486bc85feb3f0ab-Paper.pdf
5953,https://papers.nips.cc/paper_files/paper/2022/file/a03037317560b8c5f2fb4b6466d4c439-Paper-Conference.pdf
3177,https://papers.nips.cc/paper_files/paper/2021/file/8ba6c657b03fc7c8dd4dff8e45defcd2-Paper.pdf
8492,https://cdn.aaai.org/ojs/6617/6617-13-9845-1-10-20200520.pdf
6048,https://papers.nips.cc/paper_files/paper/2022/file/a951f595184aec1bb885ce165b47209a-Paper-Conference.pdf
4654,https://papers.nips.cc/paper_files/paper/2022/file/29241c7caf8230e47cefca6ad3a91f21-Paper-Conference.pdf
1006,https://papers.nips.cc/paper_files/paper/2020/file/8ba6c657b03fc7c8dd4dff8e45defcd2-Paper.pdf
10249,https://cdn.aaai.org/ojs/19938/19938-13-23951-1-2-20220628.pdf
10190,https://cdn.aaai.org/ojs/19999/19999-13-24012-1-2-20220628.pdf
1146,https://papers.nips.cc/paper_files/paper/2020/file/9ddb9dd5d8aee9a76bf217a2a3c54833-Paper.pdf
2727,https://papers.nips.cc/paper_files/paper/2021/file/59b1deff341edb0b76ace57820cef237-Paper.pdf
4436,https://papers.nips.cc/paper_files/paper/2022/file/1413947ef79a733e4b839d339e3dffa7-Paper-Conference.pdf
5161,https://papers.nips.cc/paper_files/paper/2022/file/57ef0373c890b30407eadfe6e06c8c84-Paper-Conference.pdf
2422,https://papers.nips.cc/paper_files/paper/2021/file/36bedb6eb7152f39b16328448942822b-Paper.pdf
4198,https://papers.nips.cc/paper_files/paper/2021/file/fc95fa5740ba01a870cfa52f671fe1e4-Paper.pdf
6045,https://papers.nips.cc/paper_files/paper/2022/file/a935ba2236c6ba0fb620f23354e789ff-Paper-Conference.pdf
5765,https://papers.nips.cc/paper_files/paper/2022/file/8bd5148caced2d73cea7b6961a874a49-Paper-Conference.pdf
5298,https://papers.nips.cc/paper_files/paper/2022/file/63d3bae2c1f525745003f679e45bcf7b-Paper-Conference.pdf
8180,https://cdn.aaai.org/ojs/7008/7008-13-10237-1-10-20200525.pdf
9229,https://cdn.aaai.org/ojs/16797/16797-13-20291-1-2-20210518.pdf
5752,https://papers.nips.cc/paper_files/paper/2022/file/8a7e7f5ed2aee24e98d65b5efdde8e1f-Paper-Conference.pdf
8280,https://cdn.aaai.org/ojs/6916/6916-13-10145-1-10-20200525.pdf
2229,https://papers.nips.cc/paper_files/paper/2021/file/228bbc2f87caeb21bb7f6949fddcb91d-Paper.pdf
9406,https://cdn.aaai.org/ojs/16973/16973-13-20467-1-2-20210518.pdf
9214,https://cdn.aaai.org/ojs/16810/16810-13-20304-1-2-20210518.pdf
10771,https://cdn.aaai.org/ojs/20480/20480-13-24493-1-2-20220628.pdf
5831,https://papers.nips.cc/paper_files/paper/2022/file/935151cc6cb5d8b6816133b75233775a-Paper-Conference.pdf
9526,https://cdn.aaai.org/ojs/17043/17043-13-20537-1-2-20210518.pdf
6982,https://cdn.aaai.org/ojs/5473/5473-13-8698-1-10-20200511.pdf
584,https://papers.nips.cc/paper_files/paper/2020/file/4dd9cec1c21bc54eecb53786a2c5fa09-Paper.pdf
849,https://papers.nips.cc/paper_files/paper/2020/file/731c83db8d2ff01bdc000083fd3c3740-Paper.pdf
2038,https://papers.nips.cc/paper_files/paper/2021/file/0e65972dce68dad4d52d063967f0a705-Paper.pdf
11310,https://cdn.aaai.org/ojs/21278/21278-13-25291-1-2-20220628.pdf
6013,https://papers.nips.cc/paper_files/paper/2022/file/a6fcfd15cd01e4a550808c3e01f5583d-Paper-Conference.pdf
11315,https://cdn.aaai.org/ojs/21283/21283-13-25296-1-2-20220628.pdf
3582,https://papers.nips.cc/paper_files/paper/2021/file/b8c4c8b2271787e2f78b5fe2ce193caa-Paper.pdf
4097,https://papers.nips.cc/paper_files/paper/2021/file/f0fcf351df4eb6786e9bb6fc4e2dee02-Paper.pdf
9808,https://cdn.aaai.org/ojs/17365/17365-13-20859-1-2-20210518.pdf
4368,https://papers.nips.cc/paper_files/paper/2022/file/0d81e6f2511fc78631ee0315fafeef9e-Paper-Conference.pdf
9378,https://cdn.aaai.org/ojs/16985/16985-13-20479-1-2-20210518.pdf
2712,https://papers.nips.cc/paper_files/paper/2021/file/5857d68cd9280bc98d079fa912fd6740-Paper.pdf
10010,https://cdn.aaai.org/ojs/17634/17634-13-21128-1-2-20210518.pdf
7694,https://cdn.aaai.org/ojs/5779/5779-13-9004-1-10-20200513.pdf
1768,https://papers.nips.cc/paper_files/paper/2020/file/f12a6a7477077af66212ef0813bcf332-Paper.pdf
9501,https://cdn.aaai.org/ojs/17098/17098-13-20592-1-2-20210518.pdf
448,https://papers.nips.cc/paper_files/paper/2020/file/39d4b545fb02556829aab1db805021c3-Paper.pdf
7757,https://cdn.aaai.org/ojs/5722/5722-13-8947-1-10-20200513.pdf
9374,https://cdn.aaai.org/ojs/17021/17021-13-20515-1-2-20210518.pdf
1098,https://papers.nips.cc/paper_files/paper/2020/file/98b418276d571e623651fc1d471c7811-Paper.pdf
